Time,cntryID,cntry,Working_Age,Pop,LF,PWLF,Inactive
2015,reg100,BG,4426500,7177900,3403838.04,7283709.3,2751400
2020,reg100,BG,4163785,7020235,3238717.17,6860706.24,2856450
2025,reg100,BG,3913564.47,6678010.83,3056463.27,6555022.18,2764446.37
2030,reg100,BG,3696614.32,6423878.79,2885247.01,6263722.64,2727264.47
2035,reg100,BG,3518417.8,6182870.17,2732062.61,5998658.25,2664452.37
2040,reg100,BG,3314478.9,5957057.74,2578741.72,5718334.44,2642578.85
2045,reg100,BG,3082615.05,5747942.77,2432461.55,5449798.55,2665327.72
2050,reg100,BG,2886099.67,5558129.66,2297464.01,5202669.77,2672029.99
2055,reg100,BG,2695919.61,5380614.99,2184938.68,5000498.31,2684695.39
2060,reg100,BG,2578347.02,5209715.77,2114451.63,4883824.26,2631368.75
2065,reg100,BG,2533072.6,5042841.22,2067402.29,4813504.97,2509768.61
2070,reg100,BG,2472169.79,4881814.89,2016009.16,4729556.66,2409645.1
2075,reg100,BG,2384770.23,4729390.83,1954663.81,4619394.28,2344620.59
2080,reg100,BG,2285458.13,4592734.26,1886124,4488450.05,2307276.12
2085,reg100,BG,2185721.05,4473850.45,1818826.64,4356172.02,2288129.4
2090,reg100,BG,2103562.52,4373139.59,1757905.88,4234714.28,2269577.07
2095,reg100,BG,2031217.3,4284536.75,1700889.84,4119005.49,2253319.45
2100,reg100,BG,1959691.01,4196331.66,1644054.8,3999945.66,2236640.66
2015,reg156,CN,934019900,1397059300,776687385.7,1039036919,463039400
2020,reg156,CN,910273351,1423998019,755994617.1,1070585270,513724668
2025,reg156,CN,901173873.2,1426370440,746849147.6,1134026354,525196567.1
2030,reg156,CN,885764618,1416272717,735861781.6,1191814539,530508098.6
2035,reg156,CN,854852501.2,1398856025,722055446.4,1243343953,544003524.2
2040,reg156,CN,817989995.1,1375702415,692096181,1259646093,557712420
2045,reg156,CN,780460885.9,1345324441,645562603.6,1228056090,564863554.8
2050,reg156,CN,727679371.3,1306025393,594498436.3,1173823650,578346021.8
2055,reg156,CN,659244051.5,1257592716,550956796.3,1124980709,598348664.7
2060,reg156,CN,608973770.1,1203215813,510398253.5,1076949642,594242042.6
2065,reg156,CN,577412289.3,1146749637,469759701.1,1021261083,569337347.7
2070,reg156,CN,545978329,1091659031,430069951.7,957212494.7,545680701.5
2075,reg156,CN,505043376.6,1038709136,393050814.8,890723132,533665759.5
2080,reg156,CN,455236529.5,986647119.4,361689816.4,833922500.4,531410589.9
2085,reg156,CN,410030600.3,935604945.7,338548474.3,792831016.8,525574345.4
2090,reg156,CN,388628942.6,887408681.9,319002095.1,756884868.8,498779739.3
2095,reg156,CN,373019866,842783730.1,301367913.2,722603476.2,469763864.1
2100,reg156,CN,356855098.6,800215810.8,285109661.7,689305468.7,443360712.2
2015,reg191,HR,2566100,4235400,1881662.61,3914513.08,1669300
2020,reg191,HR,2450788,4114639,1796970.91,3732972.6,1663851
2025,reg191,HR,2293736.82,3980384.26,1709709.12,3616121.03,1686647.43
2030,reg191,HR,2160958.82,3847936.09,1621922.29,3486590.67,1686977.27
2035,reg191,HR,2052873.26,3722467.51,1548265.53,3380928.46,1669594.25
2040,reg191,HR,1958815.59,3602983.65,1477660.97,3274217.83,1644168.06
2045,reg191,HR,1858669.8,3491357.95,1407314.89,3160926.29,1632688.15
2050,reg191,HR,1753651.94,3389208.3,1343453.06,3054452.25,1635556.36
2055,reg191,HR,1667547.51,3296081.49,1288365.94,2962329.83,1628533.98
2060,reg191,HR,1597223.72,3211836.36,1241826.43,2885403.81,1614612.64
2065,reg191,HR,1533579.93,3134642.15,1205392.96,2826517.92,1601062.22
2070,reg191,HR,1497027.84,3062043.07,1175362.73,2779910.27,1565015.23
2075,reg191,HR,1451279.36,2991862.9,1143066,2725609.77,1540583.54
2080,reg191,HR,1397807.83,2924184.55,1109036.47,2663869.82,1526376.73
2085,reg191,HR,1345841.1,2859672.85,1074595.87,2598099.97,1513831.75
2090,reg191,HR,1295487.43,2798441.61,1039922.54,2529237.67,1502954.18
2095,reg191,HR,1246649.17,2738736.5,1005148.37,2457636.81,1492087.33
2100,reg191,HR,1198514.31,2678771.55,969623.63,2381823.92,1480257.25
2015,reg196,CY,737800,1161000,619337.92,1323975.43,423200
2020,reg196,CY,799789,1233778,679865.02,1489061.18,433989
2025,reg196,CY,814912.45,1284658.38,697010.44,1542603.93,469745.93
2030,reg196,CY,817720.95,1315731.87,701455.71,1566203.25,498010.92
2035,reg196,CY,822050.31,1342544.86,703993.19,1583527.03,520494.55
2040,reg196,CY,824432.79,1368351.17,701542.5,1587765.31,543918.38
2045,reg196,CY,810433.48,1394781.96,688471.95,1567675.22,584348.48
2050,reg196,CY,777156.51,1421574.17,665505.52,1524315.94,644417.66
2055,reg196,CY,735236.04,1443388.16,641467.34,1477787.62,708152.12
2060,reg196,CY,709994.85,1459234.61,626120.64,1448981.61,749239.76
2065,reg196,CY,703431.74,1466260.49,618776.42,1437025.34,762828.75
2070,reg196,CY,703126.44,1465153.3,614024.25,1431016.83,762026.86
2075,reg196,CY,695222.49,1456388.62,605751.12,1416851.46,761166.13
2080,reg196,CY,675613.46,1439882.26,591605.73,1388457.81,764268.79
2085,reg196,CY,650743.26,1416995.49,574489.36,1352249.03,766252.24
2090,reg196,CY,629808.96,1390677.25,557447.92,1315456.25,760868.29
2095,reg196,CY,610765.89,1363852.01,540506.33,1278432.73,753086.12
2100,reg196,CY,591490.69,1336745.72,522536.95,1238738.9,745255.04
2015,reg203,CZ,6634000,10601600,5454497.48,11311909.94,3967600
2020,reg203,CZ,6274941,10537911,5252244.35,10968240.91,4262970
2025,reg203,CZ,6282395.4,10850737.61,5306774.52,11178062.55,4568342.21
2030,reg203,CZ,6151302.03,10712532.27,5156988.2,10951942.38,4561230.24
2035,reg203,CZ,6017772.08,10556364.88,4983172.56,10695172.92,4538592.8
2040,reg203,CZ,5787465.33,10419178.02,4768350.63,10348319.82,4631712.69
2045,reg203,CZ,5459115.81,10318608.11,4585798.02,10052120.98,4859492.3
2050,reg203,CZ,5232357.13,10246023.96,4426829.18,9791484.24,5013666.83
2055,reg203,CZ,5025573.7,10176881.54,4286365.34,9559994.51,5151307.84
2060,reg203,CZ,4877187.31,10085367.15,4224288.16,9483067.58,5208179.84
2065,reg203,CZ,4880871.01,9951605.17,4207146.37,9500151.75,5070734.16
2070,reg203,CZ,4883116.02,9784973.68,4167557.49,9471282.94,4901857.67
2075,reg203,CZ,4779896.17,9615170.18,4098541.03,9377726.8,4835274.01
2080,reg203,CZ,4641341.51,9464674.59,4000894.39,9214677.97,4823333.09
2085,reg203,CZ,4473172.24,9339461.98,3887844.17,9008802.53,4866289.73
2090,reg203,CZ,4325254.37,9230342.05,3786651.87,8820886.6,4905087.68
2095,reg203,CZ,4218471,9128563.92,3700865.5,8660452.48,4910092.92
2100,reg203,CZ,4130567.33,9021376.06,3618943.64,8505001.81,4890808.73
2015,reg208,DK,3286100,5687700,2957252.72,6118937.19,2401600
2020,reg208,DK,3360443,5810778,2996527.96,6203816.92,2450335
2025,reg208,DK,3378392.04,5903411.2,3024973.2,6358071.99,2525019.16
2030,reg208,DK,3341862.43,5965488.7,3000514.52,6406667.06,2623626.27
2035,reg208,DK,3264634.85,6019887.67,2971170.07,6429396.57,2755252.82
2040,reg208,DK,3217601.63,6066409.29,2952686.61,6448683.31,2848807.66
2045,reg208,DK,3200468.68,6112504.59,2960334.7,6514031,2912035.92
2050,reg208,DK,3227825.99,6170293.66,2980949.05,6611598.52,2942467.66
2055,reg208,DK,3227718.51,6226603.48,2986332.99,6681303.06,2998884.98
2060,reg208,DK,3187126.15,6284476.02,2978144.04,6720259.84,3097349.87
2065,reg208,DK,3152862.05,6341727.94,2973322.28,6756679.17,3188865.89
2070,reg208,DK,3147824.31,6401049.95,2971368.22,6796696.97,3253225.64
2075,reg208,DK,3134623.16,6461127.68,2973829.41,6845075.86,3326504.52
2080,reg208,DK,3140281.68,6516050.64,2982352.72,6902581.87,3375768.96
2085,reg208,DK,3140649.11,6555931.39,2987254.87,6949231.7,3415282.28
2090,reg208,DK,3137434.94,6577227.74,2985953.42,6980512.89,3439792.8
2095,reg208,DK,3116244.25,6586449.18,2973661.05,6983293.88,3470204.93
2100,reg208,DK,3087749.77,6591493.52,2954177.76,6966543.18,3503743.76
2015,reg233,EE,797400,1315200,698293.04,1559590.7,517800
2020,reg233,EE,781134,1329086,691394.71,1555750.63,547952
2025,reg233,EE,768485.88,1347624.26,688239.24,1555983.41,579138.38
2030,reg233,EE,739418.25,1312067.62,662498.17,1504582.53,572649.37
2035,reg233,EE,719114.62,1279830.65,640191.02,1461138.94,560716.03
2040,reg233,EE,695480.11,1253153.69,618915.57,1420256.72,557673.58
2045,reg233,EE,667973.63,1231967.85,596650.69,1378195.7,563994.22
2050,reg233,EE,635280.48,1214035.02,573059.84,1333434.35,578754.54
2055,reg233,EE,598788.86,1196168.44,552003.64,1293764.53,597379.58
2060,reg233,EE,580347.41,1177535.73,537869.52,1268092.24,597188.32
2065,reg233,EE,577885.58,1158096.41,529268.31,1253778.63,580210.83
2070,reg233,EE,574955.57,1138550.25,523002.83,1245022.64,563594.68
2075,reg233,EE,560251.21,1119553.19,514709.54,1231698.33,559301.98
2080,reg233,EE,541813.22,1101283.73,502739.05,1209243.7,559470.51
2085,reg233,EE,521804.88,1083922.65,488379.24,1179986,562117.78
2090,reg233,EE,506717.5,1067533.55,474921.41,1151830.41,560816.05
2095,reg233,EE,493960.92,1051887.19,462638.39,1125843.19,557926.27
2100,reg233,EE,481682.28,1035655.32,451166.11,1101309.7,553973.04
2015,reg246,FI,3169800,5481900,2758001.55,6239905.64,2312100
2020,reg246,FI,3126235,5525215,2731938.46,6169276.34,2398980
2025,reg246,FI,3078784.98,5536628.03,2710088.96,6186424.88,2457843.06
2030,reg246,FI,3026987.93,5514058.93,2680202.91,6161472.72,2487071
2035,reg246,FI,2997617.39,5493577.56,2653836.51,6153023.77,2495960.18
2040,reg246,FI,2964132.88,5476833.95,2609028.39,6097721.04,2512701.08
2045,reg246,FI,2874791.2,5466087.96,2541161.5,5974096.04,2591296.76
2050,reg246,FI,2781341.56,5472198.32,2476191.35,5848929.27,2690856.77
2055,reg246,FI,2705224.09,5469401.21,2419332.01,5740019.96,2764177.11
2060,reg246,FI,2636190.94,5468876.37,2378145.2,5664486.89,2832685.43
2065,reg246,FI,2609607.65,5476536.94,2359023.7,5638290.1,2866929.29
2070,reg246,FI,2601483.7,5492869.54,2338008.8,5614337.44,2891385.85
2075,reg246,FI,2553702.2,5508153.23,2302817.43,5560397.61,2954451.04
2080,reg246,FI,2490748.8,5513268.12,2271428.45,5505390.83,3022519.32
2085,reg246,FI,2470011.64,5505797.56,2262914.47,5498306.59,3035785.92
2090,reg246,FI,2480089.16,5488166.31,2267060.84,5519089.39,3008077.15
2095,reg246,FI,2483498.41,5467092.38,2268885.73,5535161.18,2983593.97
2100,reg246,FI,2475507.89,5447234.12,2260087.05,5527258.98,2971726.23
2015,reg250,FR,36674300,64455500,29466289.7,60178050.02,27781200
2020,reg250,FR,35731750,64457760,28834808.82,59981102.89,28726010
2025,reg250,FR,35591411.43,65109831.24,28797379.68,61110027.98,29518419.8
2030,reg250,FR,35437828.28,65776095.5,28845681.57,62386929.62,30338267.21
2035,reg250,FR,35289014.88,66526037.16,28869161.62,63503271.11,31237022.28
2040,reg250,FR,34738407.18,67310237.05,28841225.89,64256165.66,32571829.88
2045,reg250,FR,34508745.51,68010745.18,28753066.14,64765825.26,33501999.67
2050,reg250,FR,34194761.19,68605575.86,28730002.01,65350072.09,34410814.67
2055,reg250,FR,34156506.8,69086408.62,28920141.24,66348042.82,34929901.82
2060,reg250,FR,34506248.36,69542331.09,29199625.01,67514098.85,35036082.74
2065,reg250,FR,34774971.47,69997437.61,29345286.09,68365219.62,35222466.14
2070,reg250,FR,34671113.76,70469090.56,29311822.13,68777180.22,35797976.79
2075,reg250,FR,34297947.19,70975645.29,29148818.06,68843139.16,36677698.11
2080,reg250,FR,33841924.26,71488328.64,29001519.04,68883343.8,37646404.38
2085,reg250,FR,33648312.77,71950785.11,28931495.79,69061132.67,38302472.33
2090,reg250,FR,33564541.52,72352661.11,28878858.51,69255342.37,38788119.58
2095,reg250,FR,33452754.82,72690055.79,28769556.47,69295966.47,39237300.97
2100,reg250,FR,33179994.75,72904089.71,28531777.34,69005851.82,39724094.96
2015,reg276,DE,49632200,81707700,43121639.54,91008919.22,32075500
2020,reg276,DE,49715590,83267655,42984068.24,90989803.73,33552065
2025,reg276,DE,48471771.65,83602165.84,42044084.56,90137055.97,35130394.19
2030,reg276,DE,45715364.28,83018004.01,40166983,87054115.82,37302639.73
2035,reg276,DE,43382571.6,82426036.38,38756523.44,84815792.95,39043464.78
2040,reg276,DE,42792817.78,81891833.46,38101182.94,84174298.13,39099015.68
2045,reg276,DE,42355412,81426191.46,37584441.71,83788045.68,39070779.46
2050,reg276,DE,41419449.35,80961143.79,36892562.1,83065928.28,39541694.44
2055,reg276,DE,40126495.46,80439038.15,36073050.2,81996662.89,40312542.69
2060,reg276,DE,39072865.64,79880690.7,35367448.09,81062800.06,40807825.06
2065,reg276,DE,38255834.06,79284706.36,34819008.28,80370771.97,41028872.3
2070,reg276,DE,37854256.2,78739169.79,34459722.5,80033727.26,40884913.59
2075,reg276,DE,37453967.75,78189713.64,34068107.54,79595159.85,40735745.89
2080,reg276,DE,36746265.09,77509640.49,33464842.35,78656752.76,40763375.4
2085,reg276,DE,35618489.66,76643921.82,32626191.11,77101637.85,41025432.16
2090,reg276,DE,34526107.8,75646908.49,31716841.75,75314535.86,41120800.69
2095,reg276,DE,33401730.72,74584439.97,30757917.93,73353066.06,41182709.25
2100,reg276,DE,32298765.08,73461984.01,29796726.63,71326764.86,41163218.93
2015,reg300,GR,6789400,11217400,5157692.95,10089825.83,4428000
2020,reg300,GR,6169280,10543346,4604740.47,9196177.53,4374066
2025,reg300,GR,6007758.17,10364509.28,4464528.51,9044390.18,4356751.11
2030,reg300,GR,5844936.86,10207338.81,4312153.57,8850298.49,4362401.95
2035,reg300,GR,5604268.33,10072852.65,4150879.34,8616138.32,4468584.32
2040,reg300,GR,5333778.08,9962670.22,3980240.87,8341534.13,4628892.14
2045,reg300,GR,5030053.28,9866408.62,3813851.83,8063729.21,4836355.34
2050,reg300,GR,4771095.67,9777113.19,3680004.67,7836664.62,5006017.51
2055,reg300,GR,4647164.55,9666937.19,3583359.87,7674911.38,5019772.64
2060,reg300,GR,4575876.59,9537878.22,3505736.65,7545889.77,4962001.63
2065,reg300,GR,4486680.84,9389636.58,3428917.55,7413532.84,4902955.74
2070,reg300,GR,4386553.72,9233852.23,3350113.3,7274198.44,4847298.52
2075,reg300,GR,4244922.37,9079748.45,3265715.29,7120094.48,4834826.08
2080,reg300,GR,4088725.74,8935611.18,3178378.14,6955836.87,4846885.44
2085,reg300,GR,3950681.5,8801383.91,3093556.55,6791903.49,4850702.41
2090,reg300,GR,3847701.74,8668512.64,3009059.41,6624516.78,4820810.9
2095,reg300,GR,3744708.23,8523268.38,2918442.25,6440759.05,4778560.16
2100,reg300,GR,3624580.14,8354151.06,2816865.38,6230706.54,4729570.92
2015,reg348,HU,6144800,9782000,4690821.42,9573220.1,3637200
2020,reg348,HU,5918442,9770120,4615384.99,9630305.79,3851678
2025,reg348,HU,5687046.57,9592226.85,4516999.4,9629888.08,3905180.28
2030,reg348,HU,5578557.76,9414560.74,4396258.42,9555729.87,3836002.98
2035,reg348,HU,5378930.85,9217864.02,4223406.74,9348789.04,3838933.17
2040,reg348,HU,5139899.18,9015724.22,4020493.21,9044244.33,3875825.04
2045,reg348,HU,4825685.58,8820667.36,3857304.52,8793406.76,3994981.78
2050,reg348,HU,4631658.73,8642235.43,3721701.39,8581071.72,4010576.71
2055,reg348,HU,4441673.07,8471968.81,3573348.46,8324150.74,4030295.74
2060,reg348,HU,4233755.93,8298474.12,3450473.69,8112169.68,4064718.19
2065,reg348,HU,4094636.88,8104342.02,3355102.99,7951160.73,4009705.14
2070,reg348,HU,3990920.41,7895726.31,3259762.71,7781709,3904805.9
2075,reg348,HU,3856108.76,7686987.75,3159968.81,7592503.55,3830878.99
2080,reg348,HU,3727711.7,7490734.09,3048728.75,7368918.87,3763022.4
2085,reg348,HU,3563655.52,7306892.44,2926022.51,7112449.56,3743236.91
2090,reg348,HU,3398996.22,7125734.13,2810883.13,6867466.2,3726737.91
2095,reg348,HU,3260976.75,6944295.03,2704614.49,6637694.12,3683318.28
2100,reg348,HU,3134182.23,6760877.61,2600882.25,6408791.31,3626695.38
2015,reg356,IN,736852400,1309111800,466563554.9,411289934.8,572259400
2020,reg356,IN,803051861,1389966387,505165355.6,451244735.9,586914526
2025,reg356,IN,864129688.1,1445479561,541448983.3,534543576.3,581349872.9
2030,reg356,IN,918364268.6,1501725392,575122423.9,620862660.5,583361123.2
2035,reg356,IN,962185251.2,1548067496,601941070.8,704151595.1,585882244.9
2040,reg356,IN,991945269.1,1583686969,620327711.3,778847845.2,591741699.9
2045,reg356,IN,1006374361,1607694648,629467919.6,841008303.6,601320287
2050,reg356,IN,1008056536,1620357945,630070960.3,891485385.8,612301409.7
2055,reg356,IN,997686634.3,1625061988,623168441.4,929577076.2,627375353.8
2060,reg356,IN,977788595.8,1622571680,609186384.2,953735747.6,644783084
2065,reg356,IN,948331686.1,1612142529,589601768.5,964567606.2,663810842.9
2070,reg356,IN,910400542.6,1594675803,566961370.6,965205405.9,684275260.4
2075,reg356,IN,873227761.9,1570023732,543197774.8,958759956.6,696795969.7
2080,reg356,IN,837090244.5,1539493035,520369055.6,949171573.6,702402790.1
2085,reg356,IN,803054405,1504980712,499470966.3,938739304.2,701926306.9
2090,reg356,IN,773104437.8,1468261313,479401493.9,925747057,695156875.5
2095,reg356,IN,742347113.9,1430166589,460238217.4,910500054.5,687819475.2
2100,reg356,IN,711909926.2,1391607975,442225808.2,894323262.3,679698049.3
2015,reg372,IE,2786500,4699600,2271279.45,4936305.26,1913100
2020,reg372,IE,2895555,4925074,2393245.88,5309355.46,2029519
2025,reg372,IE,3010564.08,5124541.25,2510295.94,5629069.63,2113977.17
2030,reg372,IE,3099703.38,5268355.01,2600860.09,5891600.86,2168651.63
2035,reg372,IE,3174648.01,5419329.44,2667284.34,6105694.26,2244681.43
2040,reg372,IE,3182521.01,5582291.77,2687325.02,6200579.06,2399770.76
2045,reg372,IE,3129040.81,5752464.15,2672855.23,6204298.4,2623423.33
2050,reg372,IE,3076214.35,5922361.87,2661086.97,6207787.52,2846147.52
2055,reg372,IE,3091978.47,6065375.58,2678135.9,6274796.39,2973397.11
2060,reg372,IE,3152319.8,6181563.98,2718748.05,6395267.7,3029244.18
2065,reg372,IE,3202107.45,6273237.51,2760670.1,6518675.15,3071130.06
2070,reg372,IE,3229871.41,6351017.22,2785454.48,6604707.76,3121145.81
2075,reg372,IE,3206827.55,6421946.46,2779833.15,6621002.95,3215118.9
2080,reg372,IE,3155719.31,6490832.63,2756828.8,6592079.55,3335113.32
2085,reg372,IE,3120334.03,6558113.03,2736413.87,6564456.41,3437778.99
2090,reg372,IE,3117871.25,6617376.43,2727087.49,6560658.98,3499505.18
2095,reg372,IE,3118469.41,6658719.27,2721046.56,6563913.59,3540249.86
2100,reg372,IE,3104955.29,6675880.17,2707157.42,6548672.37,3570924.88
2015,reg380,IT,35241500,59504400,25355095.42,45266308.02,24262900
2020,reg380,IT,35183696,59639898,25326456.7,47079582.91,24456202
2025,reg380,IT,34320716.43,58929315.17,24796170.21,47247328.66,24608598.74
2030,reg380,IT,32886663.87,58185697.64,23992243.21,46845077.25,25299033.77
2035,reg380,IT,31082837.18,57526645.35,23097984.75,46140598.52,26443808.17
2040,reg380,IT,29164714.86,56951571.17,22206836.14,45268332.02,27786856.32
2045,reg380,IT,27560137.37,56415381.52,21447463.73,44491146.88,28855244.14
2050,reg380,IT,26525405.26,55883874.99,20863798.96,43916565.36,29358469.73
2055,reg380,IT,25771004.56,55142856.28,20404809.08,43503450.03,29371851.72
2060,reg380,IT,25183177.91,54224952.76,20047091.81,43224701.59,29041774.85
2065,reg380,IT,24697245.94,53187159.95,19717456.11,42948885.12,28489914.01
2070,reg380,IT,24199581.36,52195087.44,19359742.02,42580607.54,27995506.08
2075,reg380,IT,23463769.91,51358998.79,18938384.32,42060469.11,27895228.88
2080,reg380,IT,22674496.85,50687052.05,18511229.89,41476378.04,28012555.21
2085,reg380,IT,22070739.26,50087423.92,18144510.3,40961936.81,28016684.66
2090,reg380,IT,21663162.1,49440925.87,17823980.34,40518315.33,27777763.77
2095,reg380,IT,21209519.47,48679479.57,17476492.13,39986441.86,27469960.1
2100,reg380,IT,20659064,47781328.95,17059510.16,39273736.5,27122264.95
2015,reg40,AT,5361200,8678500,4471651.24,9198783.02,3317300
2020,reg40,AT,5486591,8901106,4540531.28,9542627.68,3414515
2025,reg40,AT,5426523.4,9044759.88,4468354.4,9544413.4,3618236.48
2030,reg40,AT,5222087.2,9105752.96,4335523.9,9396801.62,3883665.76
2035,reg40,AT,5029957.53,9151675.53,4253054.96,9337552.97,4121718
2040,reg40,AT,4950249.21,9189603.69,4201775.5,9336482.23,4239354.48
2045,reg40,AT,4902464.39,9230024.91,4135857.95,9291320.88,4327560.52
2050,reg40,AT,4801747.2,9265948,4059431.95,9220602.77,4464200.81
2055,reg40,AT,4683849.05,9280686.55,3983302.89,9143429.96,4596837.5
2060,reg40,AT,4557800.71,9277234.56,3933006.44,9111089.99,4719433.84
2065,reg40,AT,4485844.3,9256744.22,3907168.53,9123255.18,4770899.92
2070,reg40,AT,4460116.71,9233561.28,3880048.49,9126911.04,4773444.57
2075,reg40,AT,4413089.02,9203613.3,3834137.03,9081093.81,4790524.27
2080,reg40,AT,4326437.86,9152428.41,3765321.21,8974696.11,4825990.55
2085,reg40,AT,4205552.22,9072700.15,3685122.92,8832913.46,4867147.93
2090,reg40,AT,4092820.32,8969116.64,3596845.7,8664663.83,4876296.32
2095,reg40,AT,3970576.52,8850121.26,3500536.05,8469892.94,4879544.74
2100,reg40,AT,3844462.05,8721108.87,3397973.04,8254452.76,4876646.82
2015,reg428,LV,1220200,1992700,1017663.42,2237607.28,772500
2020,reg428,LV,1113378,1907244,933823.63,1996195.74,793866
2025,reg428,LV,1039794.94,1836284.57,876005.75,1871347.08,796489.62
2030,reg428,LV,964986.49,1735414.4,814795.28,1740519.95,770427.91
2035,reg428,LV,909756.37,1644963.33,765677.41,1636247.52,735206.96
2040,reg428,LV,864732.13,1568538.57,727960.47,1555563.87,703806.44
2045,reg428,LV,819626.05,1504653.04,691670.09,1478768.93,685026.99
2050,reg428,LV,765035.24,1449688.84,651967.02,1394005.39,684653.59
2055,reg428,LV,709881.59,1399184.68,615934.9,1317042.63,689303.09
2060,reg428,LV,673393.66,1352157.04,591222.21,1261515.86,678763.38
2065,reg428,LV,661419.3,1309389.05,575687.17,1223782.26,647969.75
2070,reg428,LV,647683.73,1270923.81,561603.18,1189020.23,623240.08
2075,reg428,LV,624394.1,1236788.65,545843.97,1150539.82,612394.56
2080,reg428,LV,597512.06,1206146.52,526207.83,1103660.59,608634.46
2085,reg428,LV,565937.61,1178172.77,505032.06,1053145.36,612235.16
2090,reg428,LV,542213.2,1152441.64,486183.17,1006782.36,610228.45
2095,reg428,LV,523463.49,1128141.68,469199.23,963719.69,604678.19
2100,reg428,LV,505515.94,1103449.17,453156.7,922353.21,597933.23
2015,reg440,LT,1787100,2931800,1508629.34,3393751.2,1144700
2020,reg440,LT,1702148,2835900,1440201.39,3235485.03,1133752
2025,reg440,LT,1580659.22,2725194.19,1344998.84,3020293.95,1144534.97
2030,reg440,LT,1431372.16,2584325.83,1224580.5,2740297.26,1152953.67
2035,reg440,LT,1328938.75,2453841.6,1131179.42,2516966.68,1124902.85
2040,reg440,LT,1246541,2334043.96,1061493.85,2358634.02,1087502.96
2045,reg440,LT,1167383.17,2227564.4,1000094.47,2225346.37,1060181.23
2050,reg440,LT,1096406.44,2131069.67,940811.91,2092708.9,1034663.23
2055,reg440,LT,1018287.73,2038520.15,883826.71,1969647.73,1020232.43
2060,reg440,LT,948397.09,1950332.64,835265.93,1863575.01,1001935.55
2065,reg440,LT,910134.85,1872387.1,802869.52,1791530.48,962252.26
2070,reg440,LT,890606.23,1805471.53,781126.53,1743121.19,914865.3
2075,reg440,LT,866795.93,1748408.09,759948.8,1696603.86,881612.16
2080,reg440,LT,830907.18,1699926.16,734547.44,1641348.74,869018.98
2085,reg440,LT,792351.71,1657610.83,708750.47,1584269.79,865259.12
2090,reg440,LT,767870.07,1620327.85,686376.86,1534268.39,852457.77
2095,reg440,LT,745139,1588220.04,666714.51,1489967.8,843081.04
2100,reg440,LT,725436.63,1560927.24,649770.13,1451627,835490.61
2015,reg442,LU,360500,566400,273965.47,558651.95,205900
2020,reg442,LU,401895,626079,304348.43,615320.01,224184
2025,reg442,LU,410363.4,655270.91,310368.22,635685.63,244907.51
2030,reg442,LU,408982.65,676870.61,309072.89,639979.57,267887.96
2035,reg442,LU,406754.02,697154.64,308213.38,644129.86,290400.63
2040,reg442,LU,406007.04,716790.72,307370.07,647414.89,310783.67
2045,reg442,LU,402825.94,736667.7,305144.98,646767.5,333841.76
2050,reg442,LU,396698.5,757629.5,301735.86,643099.65,360930.99
2055,reg442,LU,389141.75,776256.82,298768.92,639276.34,387115.07
2060,reg442,LU,382824.8,792225.25,298464.08,640147.24,409400.45
2065,reg442,LU,382710.01,803829.35,299943.54,644329.98,421119.33
2070,reg442,LU,386743.84,811703.51,301334.88,648347.38,424959.66
2075,reg442,LU,386745.26,816367.23,301230.83,649372.41,429621.97
2080,reg442,LU,381565.03,818217.32,299011.15,645508.84,436652.29
2085,reg442,LU,374095.83,817146.74,295338.58,638189.6,443050.91
2090,reg442,LU,366881.27,812973.6,290525.13,628194.1,446092.34
2095,reg442,LU,358822.48,805935.58,284756.98,615867.71,447113.1
2100,reg442,LU,350175.87,796450.23,277895.73,601090.61,446274.35
2015,reg470,MT,263400,427700,204807.4,341012.53,164300
2020,reg470,MT,324285,509595,260058.04,439522.83,185310
2025,reg470,MT,317166.19,517398.55,259478.41,454266.5,200232.37
2030,reg470,MT,309700.95,521189.87,257733.43,464380.91,211488.92
2035,reg470,MT,307271.01,521220.97,256081.1,472564.19,213949.96
2040,reg470,MT,302970.53,518691.61,251807.94,475094.41,215721.08
2045,reg470,MT,291272.53,515886.3,243606.6,470043.7,224613.76
2050,reg470,MT,274815.13,514812.75,230981.9,454518.77,239997.62
2055,reg470,MT,252367.75,513659.86,215865.22,432790.61,261292.11
2060,reg470,MT,229857.9,511561.53,203971.06,415932.78,281703.62
2065,reg470,MT,218883.52,506879.7,197652.58,408590.1,287996.18
2070,reg470,MT,217425.07,499119.97,194250.81,406579.29,281694.91
2075,reg470,MT,214449.56,488246.75,190609,403714.97,273797.19
2080,reg470,MT,208036.94,474788.49,185433.1,397159.81,266751.55
2085,reg470,MT,198942.6,459431.37,179130.98,387721.84,260488.78
2090,reg470,MT,190639.48,443200.91,172257.22,376490.94,252561.44
2095,reg470,MT,182178.92,427237.69,165381.81,364678.09,245058.77
2100,reg470,MT,174809.89,412363.67,159000.41,353479.27,237553.78
2015,reg528,NL,10054900,16938000,9024154.19,19389370.67,6883100
2020,reg528,NL,10234815,17402277,9241268.68,20089776.64,7167462
2025,reg528,NL,10179476.05,17584098.86,9196773.65,20360135.99,7404622.82
2030,reg528,NL,9911444.73,17715834.45,9041398.16,20345188.24,7804389.72
2035,reg528,NL,9619746.26,17810056.54,8864314.54,20245454.63,8190310.28
2040,reg528,NL,9401040.29,17853428.81,8738819.3,20202073.4,8452388.52
2045,reg528,NL,9328257.05,17860263.09,8689653.07,20268709.21,8532006.04
2050,reg528,NL,9253038.15,17863997.68,8635088.46,20268477.7,8610959.53
2055,reg528,NL,9119522.96,17842418.65,8550951.67,20205835.12,8722895.7
2060,reg528,NL,8937620.08,17817111.87,8441057.58,20072751,8879491.78
2065,reg528,NL,8770171.45,17801109.54,8334785.64,19917056.77,9030938.09
2070,reg528,NL,8623147.77,17813036.16,8226969.63,19752940.66,9189888.39
2075,reg528,NL,8505633.79,17843705.46,8136105.39,19617276.98,9338071.67
2080,reg528,NL,8383599.76,17860623.55,8046887.26,19470055.71,9477023.79
2085,reg528,NL,8278431.03,17834114.24,7961074.92,19322553.74,9555683.21
2090,reg528,NL,8173404.47,17760737.63,7865037.01,19144643.99,9587333.16
2095,reg528,NL,8030052.31,17652288.91,7746003.29,18903422.88,9622236.59
2100,reg528,NL,7867115.25,17521719.09,7607673.74,18608957.36,9654603.84
2015,reg56,BE,6690300,11287700,4952874.13,10659304.82,4597400
2020,reg56,BE,6752323,11541273,4998381.79,10729154.04,4788950
2025,reg56,BE,6715735.48,11693091.38,5018399.96,10968562.37,4977355.9
2030,reg56,BE,6645282.42,11812404.62,5017868.01,11142075.82,5167122.19
2035,reg56,BE,6609711.25,11938724.49,5044084.82,11359619.38,5329013.24
2040,reg56,BE,6559602.18,12073330.06,5064311.95,11540690.99,5513727.88
2045,reg56,BE,6500900.18,12209287.46,5052825.33,11636025.67,5708387.28
2050,reg56,BE,6425194.46,12342681.56,5024219.31,11688723.07,5917487.1
2055,reg56,BE,6348329.3,12444472.93,4997465.55,11734910.39,6096143.63
2060,reg56,BE,6282384.84,12529356.9,4994461.49,11821189.19,6246972.06
2065,reg56,BE,6272754.8,12600785.25,5005870.57,11930581.26,6328030.45
2070,reg56,BE,6272750.5,12667786.94,4999615.6,11993233.51,6395036.44
2075,reg56,BE,6190367.56,12727956.51,4961332.21,11975789.69,6537588.96
2080,reg56,BE,6064916.15,12766696.87,4908577.18,11913545.56,6701780.72
2085,reg56,BE,5961302.7,12771935.78,4859893.99,11851058.87,6810633.08
2090,reg56,BE,5889092.22,12742306.79,4810014.58,11778902.13,6853214.56
2095,reg56,BE,5807394.24,12686048.41,4750121.82,11676707.89,6878654.17
2100,reg56,BE,5709233.11,12607799.25,4673555.31,11529416.95,6898566.14
2015,reg616,PL,24571100,38262900,18552315.26,38701238.34,13691800
2020,reg616,PL,23800109,38477966,18249655.9,38344332.56,14677857
2025,reg616,PL,23181651.38,39009406.08,18248981.51,38916888.62,15827754.71
2030,reg616,PL,22421302.71,38207430.07,17706176.15,38274332.2,15786127.36
2035,reg616,PL,21875033.4,37377687.71,17157208.63,37617890.63,15502654.31
2040,reg616,PL,21080505.99,36570068.04,16446798.7,36518038.03,15489562.05
2045,reg616,PL,19759636.64,35797783.28,15535854.62,34865400.84,16038146.65
2050,reg616,PL,18207044.27,35098749.33,14589499.19,33047559.72,16891705.06
2055,reg616,PL,16914846.39,34380020.71,13785562.52,31474986.98,17465174.32
2060,reg616,PL,16030418.15,33630750.65,13226461.24,30398601.19,17600332.5
2065,reg616,PL,15617716.79,32834272.22,12873962.21,29758508.34,17216555.43
2070,reg616,PL,15422408.15,31978956.42,12588429.74,29265604.08,16556548.26
2075,reg616,PL,14929822.23,31091826.76,12269700.12,28706808,16162004.53
2080,reg616,PL,14368856.31,30228755.99,11907625.13,28033505.94,15859899.67
2085,reg616,PL,13776364.84,29440767.49,11553646.68,27346706.16,15664402.65
2090,reg616,PL,13364188.63,28760537.98,11261464.7,26778677.66,15396349.34
2095,reg616,PL,13073635.59,28185589.1,11021296.87,26316233.67,15111953.51
2100,reg616,PL,12832955.05,27682687.25,10801042.85,25892793.45,14849732.21
2015,reg620,PT,6241000,10417100,5243418.57,7995251.16,4176100
2020,reg620,PT,6073177,10298399,5091236.16,7926522.19,4225222
2025,reg620,PT,5905925.58,10195082.42,4963846.95,8226302.71,4289156.84
2030,reg620,PT,5648255.5,10066522.09,4786947,8388783.71,4418266.59
2035,reg620,PT,5378937.06,9956451.41,4588241.36,8437293,4577514.35
2040,reg620,PT,5086590.78,9853905.5,4380680.46,8387348.97,4767314.71
2045,reg620,PT,4793801.82,9752698.06,4198985.89,8318167.83,4958896.24
2050,reg620,PT,4601204.63,9651118.74,4065444.08,8285686.82,5049914.11
2055,reg620,PT,4510722.94,9538936.73,3976350.18,8301834.82,5028213.79
2060,reg620,PT,4441415.62,9420660.33,3914223.46,8344395.76,4979244.71
2065,reg620,PT,4369961.63,9292964.93,3862113.13,8386393.63,4923003.3
2070,reg620,PT,4296143.79,9165522.6,3812020.64,8416738.56,4869378.81
2075,reg620,PT,4219015.12,9047867.2,3759346.52,8426642.56,4828852.08
2080,reg620,PT,4141026.39,8948878.1,3700043.16,8405171.89,4807851.71
2085,reg620,PT,4054236.6,8866948.98,3636982.18,8359990.41,4812712.38
2090,reg620,PT,3980401.82,8786919.44,3571639.47,8295514.6,4806517.61
2095,reg620,PT,3899582.67,8693438.93,3497186.55,8198966.13,4793856.26
2100,reg620,PT,3798276.1,8580330.73,3410642.22,8063719.06,4782054.63
2015,reg642,RO,12343900,19875500,9287314.27,18321007.77,7531600
2020,reg642,RO,11733340,19489730,8928726.35,17571502.93,7756390
2025,reg642,RO,11123950.09,18885445.51,8560452.19,17205329.63,7761495.42
2030,reg642,RO,10824308.22,18310070.14,8131595.04,16658167.24,7485761.93
2035,reg642,RO,10175008.25,17702612.74,7715841.51,16059167.78,7527604.5
2040,reg642,RO,9628890.94,17107245.39,7355108.97,15510783.86,7478354.45
2045,reg642,RO,9023587.36,16518102.71,7022859.57,15007570.01,7494515.35
2050,reg642,RO,8486665.91,15936713.34,6664950.36,14454461.7,7450047.44
2055,reg642,RO,7868197.82,15359780.89,6326864.98,13910503.31,7491583.07
2060,reg642,RO,7515409.35,14766755.06,6045805.72,13450128.4,7251345.71
2065,reg642,RO,7242288.4,14169638.96,5788825.13,13019246.97,6927350.56
2070,reg642,RO,6972102.18,13600069.74,5545938.02,12587948.63,6627967.56
2075,reg642,RO,6654190.83,13086752.32,5300782.54,12131772.04,6432561.49
2080,reg642,RO,6337195.18,12632405.92,5041077.46,11628412.63,6295210.73
2085,reg642,RO,5962446.3,12233460.32,4788746.64,11130180.28,6271014.03
2090,reg642,RO,5628718.75,11881697.03,4579050.17,10717833.99,6252978.27
2095,reg642,RO,5403703.58,11563008.85,4399511.99,10364565.69,6159305.26
2100,reg642,RO,5214664.68,11254585.93,4230930.81,10026127.26,6039921.24
2015,reg703,SK,3553600,5439700,2790227.51,5817275.41,1886100
2020,reg703,SK,3425736,5457552,2724308.91,5776721.25,2031816
2025,reg703,SK,3325701.27,5501890.92,2680598.58,5728139.95,2176189.65
2030,reg703,SK,3216005.08,5463880.43,2598734.87,5591588.43,2247875.35
2035,reg703,SK,3143238.36,5403644.59,2509374.11,5442148.62,2260406.23
2040,reg703,SK,3039663.19,5329504.01,2396196.95,5239054.49,2289840.81
2045,reg703,SK,2876034.03,5253235.95,2277370.38,5016926.1,2377201.92
2050,reg703,SK,2715056.4,5179209.08,2163192.88,4791391.82,2464152.68
2055,reg703,SK,2564012.73,5103880.19,2066868.19,4605816.17,2539867.45
2060,reg703,SK,2448642.47,5021011.26,2008615.45,4497541.76,2572368.79
2065,reg703,SK,2402257.25,4925134.42,1976858.02,4444356,2522877.17
2070,reg703,SK,2380534.26,4818050.66,1945533.04,4392062.43,2437516.4
2075,reg703,SK,2335101.62,4705628.94,1903047.04,4314718.22,2370527.32
2080,reg703,SK,2265802.31,4599247.15,1848552.62,4209350.55,2333444.84
2085,reg703,SK,2180760.35,4504474.04,1791737.07,4095962.31,2323713.68
2090,reg703,SK,2104932.8,4422925.77,1739687.4,3990632.18,2317992.97
2095,reg703,SK,2041960.28,4352435.87,1693998.87,3897100.5,2310475.59
2100,reg703,SK,1989939.19,4287432.51,1651881.79,3810073.05,2297493.33
2015,reg705,SI,1300200,2074400,1020087.3,1978178.18,774200
2020,reg705,SI,1277151,2116252,1014173.48,1992848.19,839101
2025,reg705,SI,1227528.85,2114532.57,980821.18,1956130.47,887003.72
2030,reg705,SI,1186201.34,2103141.63,947213.68,1913971.81,916940.3
2035,reg705,SI,1154174.25,2088588.31,920391.74,1883030.32,934414.06
2040,reg705,SI,1121229.83,2073684.06,889772.18,1841667.95,952454.23
2045,reg705,SI,1070702.48,2058960.38,856641.37,1791859.46,988257.9
2050,reg705,SI,1021356.48,2042503.62,829106.95,1751475.35,1021147.14
2055,reg705,SI,983958.92,2022705.87,811874.64,1729643.27,1038746.95
2060,reg705,SI,967409.98,2000568.7,803602.55,1725172.52,1033158.73
2065,reg705,SI,960807.25,1975664.5,799123.51,1728051.8,1014857.26
2070,reg705,SI,958758.5,1949934.24,790109.07,1721402.89,991175.74
2075,reg705,SI,940274.85,1924063.39,773951.71,1698576.7,983788.54
2080,reg705,SI,908796.38,1898380.66,755329.71,1668777.06,989584.28
2085,reg705,SI,878945.71,1872979.34,737736.54,1639742.14,994033.63
2090,reg705,SI,855819.67,1847824.57,721287.9,1611716.86,992004.89
2095,reg705,SI,835765.35,1822447.13,704421.41,1581925.31,986681.78
2100,reg705,SI,814286.38,1795358.33,685283.26,1546547.95,981071.95
2015,reg724,ES,28624900,46397700,23216861.85,44005409.93,17772800
2020,reg724,ES,28787750,47329954,23248787.09,45445245.52,18542204
2025,reg724,ES,28638194.83,47598972.02,23070171.98,46285977.1,18960777.19
2030,reg724,ES,28263271.87,47816497.77,22692831.94,46699932.63,19553225.89
2035,reg724,ES,27522539.3,48092952.25,22125023.16,46555541.94,20570412.95
2040,reg724,ES,26360402.76,48462364.29,21311808.43,45585328.6,22101961.53
2045,reg724,ES,24827459.08,48903994.42,20445832.61,44371742.46,24076535.34
2050,reg724,ES,23843622.75,49404297.09,19835728.56,43692621.36,25560674.35
2055,reg724,ES,23366453.65,49656271.22,19498497.36,43526601.88,26289817.57
2060,reg724,ES,23163692.62,49652173.65,19356807.91,43686393.14,26488481.03
2065,reg724,ES,23115315.34,49382896.47,19269946.89,43894400.33,26267581.13
2070,reg724,ES,22995287.25,48974684.86,19098872.2,43902696.58,25979397.61
2075,reg724,ES,22445525.32,48545441.34,18785357.15,43577735.69,26099916.02
2080,reg724,ES,21787955.57,48197020.76,18422635.88,43092025.82,26409065.18
2085,reg724,ES,21243560.88,47939425.36,18113026.86,42661087.72,26695864.49
2090,reg724,ES,20963154.31,47666286.04,17871580.69,42337000.34,26703131.73
2095,reg724,ES,20675778.77,47255735.04,17600321.4,41910612.45,26579956.27
2100,reg724,ES,20312889.33,46641714.84,17252144.31,41281247.8,26328825.51
2015,reg752,SE,5655200,9763100,5337526.94,11623041.54,4107900
2020,reg752,SE,5854585,10321414,5570951.57,12331818.76,4466829
2025,reg752,SE,5935361.98,10571052.71,5687447.44,12751809,4635690.73
2030,reg752,SE,6003251.3,10773019.15,5772995.55,13096323.91,4769767.85
2035,reg752,SE,6048258.87,10965478.84,5841374.89,13401468.97,4917219.97
2040,reg752,SE,6095887.82,11175050.31,5892689.58,13653563.97,5079162.49
2045,reg752,SE,6128640.02,11420130.59,5938614.43,13864668.87,5291490.57
2050,reg752,SE,6136506.7,11702945.52,5960018.24,14015342.15,5566438.82
2055,reg752,SE,6077535.11,11967344.91,5954434.27,14098938.93,5889809.81
2060,reg752,SE,6014963.21,12207429.07,5962371.97,14196877.15,6192465.86
2065,reg752,SE,6094918.36,12418029.94,6029996.16,14422194.71,6323111.58
2070,reg752,SE,6187841.9,12617610.05,6087703.82,14633665.38,6429768.15
2075,reg752,SE,6193065.4,12810322.04,6108463.2,14761319.72,6617256.64
2080,reg752,SE,6138681.86,12979935.17,6090209.49,14781074.53,6841253.31
2085,reg752,SE,6081324.3,13103600.52,6060562.99,14757103.72,7022276.22
2090,reg752,SE,6069440.65,13178969.27,6045780.7,14760099.25,7109528.62
2095,reg752,SE,6057619.6,13229018.17,6031556.19,14761447.57,7171398.57
2100,reg752,SE,6037546.43,13272284.91,6008066.04,14742585.05,7234738.47
2015,reg840,US,190303900,319907400,162967421.5,350119195.5,129603500
2020,reg840,US,197252914,335388238,169724066.3,366516811,138135324
2025,reg840,US,197506454.4,342011013.8,171832979.1,373976326.6,144504559.4
2030,reg840,US,198784816.1,349708538.9,174033789.9,381916779.9,150923722.9
2035,reg840,US,200551845.3,357256192.4,175890159.8,389139374.6,156704347.1
2040,reg840,US,202068225.2,364364763.1,177176947.4,395365067.7,162296537.8
2045,reg840,US,202477587.7,370894851.5,178164031.3,400467453.4,168417263.8
2050,reg840,US,202055544.1,377025137.3,179081090.3,405052173.4,174969593.2
2055,reg840,US,201541529.6,382280254.3,180082366,409769605.3,180738724.7
2060,reg840,US,201028693,387352250,181034596.7,414266144.3,186323557
2065,reg840,US,201401074.7,392274604.5,181746704.4,418101858.6,190873529.8
2070,reg840,US,201025337.9,397002501.4,181791961.9,420514040.6,195977163.5
2075,reg840,US,198870492,401171610.2,181218234.4,421434419.4,202301118.2
2080,reg840,US,196769044.6,404260557.3,180265631.9,421164423.4,207491512.7
2085,reg840,US,194997925.9,406044539.5,179300180.5,420589867.3,211046613.7
2090,reg840,US,194434840.8,406645231.3,178520682.1,420331463.9,212210390.5
2095,reg840,US,193130436.4,406411013.1,177473311.6,419413383.3,213280576.8
2100,reg840,US,190811942,405502675.5,175910079.2,417257050.6,214690733.5
